"id","name","geom"
1,"Ko'kcha","0101000020E610000093D1B7BB3D4D514068B3EA73B5A94440"
2,"Kamolon/Yangikamolon","0101000020E61000009A01D30EA44E514059E3C7F374A74440"
3,"Darvoza","0101000020E6100000DA194BFDE14D5140193268322DAA4440"
4,"Bog'ko'cha (C-27) dahasi","0101000020E6100000CE80C4C0044E51400FBD207DEEA94440"
5,"Aklan","0101000020E610000074AD6296624D51402C6112D32AA84440"
6,"Tezikovka","0101000020E6100000646314BA81515140DAA7887890A34440"
7,"3-kichik daha","0101000020E6100000CCA9AE8DC2165240C58954BDA15F4440"
8,"Mustaqillik","0101000020E61000006E8786C5285651403B376DC669BA4440"
9,"Qorasuv","0101000020E61000009EEA35E26EB75040B06AB52C04874340"
10,"Choshtepa","0101000020E6100000DCBF0D8C17B4504069BB534B84834340"
11,"Birlik","0101000020E6100000FD683865EE4951402EE7AD15C8A54440"
12,"Boshliq dahasi","0101000020E6100000D34F937428505140742F8BE486A24440"
13,"Qushbegi dahasi","0101000020E61000004C18CDCA764F5140A5AFD63F3EA24440"
14,"Chilonzor 11 mavzesi","0101000020E610000039245A973F4C5140590927B38BA34440"
15,"Chilonzor 18 mavzesi","0101000020E6100000F8F24C793E4C5140C8B7770DFAA24440"
16,"Chilonzor 9 mavzesi","0101000020E6100000CF3758EEBB4C51402B93D04CE6A44440"
17,"Chilonzor G 9A mavzesi","0101000020E610000051A5660F344C51402F6F6990DDA44440"
18,"Chilonzor 13 mavzesi","0101000020E6100000D858D306F14B51400D175EEE38A54440"
19,"Chilonzor 14 mavzesi","0101000020E6100000DBC8D00C3D4C514078E45993B8A54440"
20,"Chilonzor 15 mavzesi","0101000020E6100000104647CDB24B514083C9E8DBDDA54440"
21,"Chilonzor 21 mavzesi","0101000020E6100000009F69D3224B5140EFB6C13F5BA54440"
22,"Chilonzor 10 mavzesi","0101000020E6100000B63984E0A74C5140390A100533A44440"
23,"Chilonzor 12 mavzesi","0101000020E6100000B905A62EF44B51405D305D2D1CA44440"
24,"Yangiobod dahasi","0101000020E610000064D1CF2FA5565140AD591DEF44A24440"
25,"Chilonzor 23 mavzesi","0101000020E61000009B705413694B514094C38256BBA44440"
26,"Yuqori Beshkurgan mahallasi","0101000020E61000001E6BEB4CC64C51403476D377C8AF4440"
27,"Nihol mahallasi","0101000020E61000003BAD365A694D51401F1A715C21B04440"
28,"Qoraqamish 2/1 dahasi","0101000020E61000000FD594641D4E514014090154CCAD4440"
29,"Qoraqamish 2/3 dahasi","0101000020E61000009D45949BCD4D514014AEEC2708AF4440"
30,"Qoraqamish 2/4 dahasi","0101000020E610000008A3A366594D51400112F2E615AF4440"
31,"Qoraqamish 2/5 dahasi","0101000020E610000063450DA6614D5140C235D2AD32AE4440"
32,"Olimpiya dahasi","0101000020E6100000B6A0F7C6904C51407E6E68CA4EAE4440"
33,"Shimoliy Olmazor","0101000020E6100000DCEA837618505140D415C7DC10AD4440"
34,"Beshqo'rg'on 1 dahasi","0101000020E6100000A88F1BD9F04C514056F2B1BB40AF4440"
35,"Beshqo'rg'on 2 dahasi","0101000020E61000001C06989ED54C5140CB10C7BAB8AE4440"
36,"Beshqo'rg'on 3 dahasi","0101000020E610000084EA30708A4C51400796236420AF4440"
37,"Beshqo'rg'on 4 dahasi","0101000020E6100000E083D72EED4C5140835C983BE9AE4440"
38,"Chimboy dahasi","0101000020E6100000362CFCCFD04C51405F13888D68AE4440"
39,"Yangi Toshkent mahallasi","0101000020E61000009D37047D584E51404F0E55E707AF4440"
40,"Talabalar shaharchasi","0101000020E610000050CAFF3F294D514083CAAE6AFFAC4440"
41,"Beruniy 3 dahasi","0101000020E610000038729307D84D5140EB83769840AB4440"
42,"Gulobod (C-26) dahasi","0101000020E6100000CF882D98534E51408C5539A39CA94440"
43,"Abu Ali ibn Sino-1 dahasi","0101000020E61000007E09CB8EC34A514029FC636BC7AA4440"
44,"Abu Ali ibn Sino-2 dahasi","0101000020E6100000DDF52DCEF34A5140717731282EAB4440"
45,"Beltepa dahasi","0101000020E6100000FF356ACFF64A51406A3E9DE1BCAB4440"
46,"JARARIQ","0101000020E6100000EDBC8DCD8E4B51404089CF9D60AB4440"
47,"Sebzor (C-17/C-18) dahasi","0101000020E6100000BD2FD39BF64F5140D2BA57F7D9AA4440"
48,"Chimboy mahallasi","0101000020E6100000721019FB374E51400E10711871AC4440"
49,"Qoraqamish 1/2 dahasi","0101000020E61000001717A29E194F5140FF8DE2C1BBAD4440"
50,"Qoraqamish 1/3 dahasi","0101000020E61000002E933C32B14E5140BB59283EE3AD4440"
51,"Beshqayrog'och","0101000020E610000051099975104A5140A675656199A64440"
52,"O'rikzor","0101000020E6100000D13C8045FE48514048090B3895A44440"
53,"Bekobod dahasi","0101000020E6100000BD5BB45BA64A51401AEA663513A94440"
54,"Oq Tepa","0101000020E610000048991E5EA14D51408B879C63E5A64440"
55,"Chilonzor 30 mavzesi","0101000020E6100000EA5910CAFB495140CE39782634A24440"
56,"Chilonzor 31 mavzesi","0101000020E61000000CC39151AF495140CA8168F7F5A14440"
57,"Sharq","0101000020E6100000C491AC68984A51402F76B11F18A24440"
58,"Al-Horazmiy 1 dahasi","0101000020E6100000CE9FDBF0E0495140BC6F213427A14440"
59,"Chilonzor 19 mavzesi","0101000020E6100000A00A6E5ADF4B51404B123A9E85A24440"
60,"Chilonzor 20 mavzesi","0101000020E61000005DCBBFF1904B5140A49AA3D81BA24440"
61,"Chilonzor 25 mavzesi","0101000020E6100000F8962831BE4A514012DDB3AED1A34440"
62,"Mevazor mahallasi","0101000020E610000088197508774C5140D2AC6C1FF2A14440"
63,"Chilonzor 16 mavzesi","0101000020E6100000E0E70995C94C5140B9FB1C1F2DA34440"
64,"Chilonzor 17 mavzesi","0101000020E61000007C0DC171994C514080773C77CCA24440"
65,"Chilonzor 20A mavzesi","0101000020E6100000B29135342F4C51403151CE6108A24440"
66,"Chilonzor C mavzesi","0101000020E6100000A18BE1453A4D5140A6B4FE9600A44440"
67,"Beshyog'och dahasi","0101000020E6100000AFA18AD1294F51406BE56F8CAEA74440"
68,"Charx Komolon-3 mahallasi","0101000020E61000003B29DDA7F44D51405590550042A64440"
69,"Chilonzor 7 mavzesi","0101000020E61000009C99AAC5714D51403B23A534F6A54440"
70,"Chilonzor 8 mavzesi","0101000020E6100000DE1335E2134D5140343CAC263EA54440"
71,"Koh-Ota mahallasi","0101000020E6100000EFFFE38489505140505436ACA9AA4440"
72,"Jangoh (C-15) dahasi","0101000020E6100000093543AA285051409BEA24B616AA4440"
73,"Labzak (C-13) dahasi","0101000020E61000002D1FEE8F9C5051400B4B9759DFA94440"
74,"Chorsu mavzesi","0101000020E6100000BA0A73CCC34E51409D966945E5A84440"
75,"Minor (C-6) dahasi","0101000020E6100000B9C32632F351514011678F615FAA4440"
76,"Oloy (C-2) dahasi","0101000020E6100000BBC9B95E6452514026B8A2DE9DA84440"
77,"Buyuk Ipak Yo'li (C-1) dahasi","0101000020E61000000A74DCDF8F5251404613DED4F6A74440"
78,"Qashg'ar (C-4) dahasi","0101000020E6100000164ED2FCB15151409CD035DDFCA84440"
79,"Oqtepa","0101000020E6100000CA1BBB9FAE545140ED8ACF53D3AE4440"
80,"Qizildehqon mahallasi","0101000020E610000032E9EFA5F0535140E22EB1E88CB04440"
81,"TashGRES dahasi","0101000020E610000005A96FF48C555140F4DE180280AD4440"
82,"Yunusobod 10 mavzesi","0101000020E6100000D201A4912A525140116F9D7FBBB04440"
83,"Yunusobod 12 mavzesi","0101000020E6100000DE82B6E6D8525140FEFCAD539BB04440"
84,"Yunusobod 15 mavzesi","0101000020E61000002849D74C3E53514021C610A562B04440"
85,"Yunusobod 17 mavzesi","0101000020E6100000055A70F5D2535140E4EF8398F0AE4440"
86,"Yunusobod 18 mavzesi","0101000020E6100000F89C05EB4954514097D013854CAF4440"
87,"Yunusobod 19 mavzesi","0101000020E61000006B5BDE663B54514081423D7D04B04440"
88,"Yunusobod 9 mavzesi","0101000020E6100000B2666490BB5151404B5B5CE333B04440"
89,"Yunusobod 5 mavzesi","0101000020E6100000C6A354C2935151405439ED2939AE4440"
90,"Yunusobod 2 mavzesi","0101000020E6100000C7F2AE7A40525140F1D8CF6229AE4440"
91,"Yunusobod 11 mavzesi","0101000020E61000001CCB60318F5251403C29386167AF4440"
92,"Yunusobod 3 mavzesi","0101000020E610000020860C9ACC52514003498E2A79AE4440"
93,"Yunusobod 6 mavzesi","0101000020E610000077555689E85051404969914836AF4440"
94,"Yalang'och dahasi","0101000020E6100000FE9F1E36EC5551407760A527D1AC4440"
95,"Yunusobod 14 mavzesi","0101000020E6100000EADD697C705351400146E1C4A1AF4440"
96,"Yunusobod 16 mavzesi","0101000020E610000085E920544E5351402F50526001B14440"
97,"Aviagorodok-22 dahasi","0101000020E6100000652F8095E8535140FA57A027AFA64440"
98,"Rioziy dahasi","0101000020E610000009089C5BD75451403CC2C47AFEA74440"
99,"Qoshqo'rg'on","0101000020E61000005070B1A286515140581EA4A7C89F4440"
100,"Qo'yliq markaz mavzesi","0101000020E61000006F826F9A3E555140C1DC932CCC9E4440"
101,"Qumariq","0101000020E6100000F7A3F2C0115051401B3DC8FCED9F4440"
102,"Fayzobod mahallasi","0101000020E61000002D663A2AED535140A2670EA4E6A04440"
103,"Sirg'ali 8A dahasi","0101000020E6100000590BFD5DE94D5140BF99982EC49C4440"
104,"Sirg'ali 5 dahasi","0101000020E61000002CDE7EAF574D514087FC3383F89C4440"
105,"Sirg'ali 7 dahasi","0101000020E61000000679E2DEA14D5140A24CFE82389C4440"
106,"Sirg'ali 8 dahasi","0101000020E6100000753E3C4B104E51400749FA0F449C4440"
107,"O'zgarish","0101000020E6100000FA241C1F524E5140051555BFD29F4440"
108,"Buz-1 dahasi","0101000020E610000081F8AF6227555140E371ACE694AA4440"
109,"Buz 2 dahasi","0101000020E6100000A6F0A0D975565140C964277277AC4440"
110,"Tuzel 1 dahasi","0101000020E6100000A0336953F55651409BDC39DE2EA64440"
111,"Tuzel 2 dahasi","0101000020E61000000389377C1C575140FD8117224CA54440"
112,"Tuzel 3 dahasi","0101000020E61000000E219D7065575140492F6AF7ABA54440"
113,"Tuzel 4 dahasi","0101000020E610000044DC9C4A865751405DE15D2EE2A54440"
114,"Aviasozlar 2 dahasi","0101000020E610000018FBDC1A22565140D190966F22A44440"
115,"Aviasozlar 3 dahasi","0101000020E610000090B1248ADA555140EBD10AC2CBA44440"
116,"Aviasozlar 4 dahasi","0101000020E610000027D5E3631C565140E49E5335E6A54440"
117,"Panelniy dahasi","0101000020E61000004BFECCC504565140FC32BD699FA04440"
118,"Asalobod-1","0101000020E61000001B33E433B4555140D3BB1D86FBA34440"
119,"Asalobod-2","0101000020E6100000BD4CB9678255514059B3DF2417A44440"
120,"Ahmad Yugnakiy dahasi","0101000020E6100000E80995C9BA5851403BF07BE58BAC4440"
121,"Humayun dahasi","0101000020E610000061CB8690CE585140D3C9085EE3AB4440"
122,"TTZ 1 dahasi","0101000020E6100000D0ACB6AC0C59514055359C8DF0AD4440"
123,"TTZ 4 dahasi","0101000020E6100000BBC678DED7585140122E895869AE4440"
124,"Feruza 1 dahasi","0101000020E61000002C76453A4D575140B76E9406C8AD4440"
125,"Feruza 2 dahasi","0101000020E6100000B300B738F45651407980DD9F41AD4440"
126,"Feruza 3 dahasi","0101000020E61000008BEDA4749F5751403421F7BE02AE4440"
127,"Qorasuv 1 dahasi","0101000020E61000006DD62A0BF05751402149FF8128AB4440"
128,"Qorasuv 2 dahasi","0101000020E6100000289A07B0485751407A5F4B7E7AAA4440"
129,"Qorasuv 3 dahasi","0101000020E610000092E7FA3E9C5751408D52F82290AA4440"
130,"Qorasuv 4 dahasi","0101000020E610000056F0DB10E3575140EF80FCB671AA4440"
131,"Qorasuv 6 dahasi","0101000020E6100000F8AAF0C2B15651400CB66C08E9A84440"
132,"Do'stlik 1 dahasi","0101000020E6100000635E471CB24D51403DC967C3AB984440"
133,"Sirg'ali 1 dahasi","0101000020E61000000D2950D5CE4D51408D3A843B619A4440"
134,"Sirg'ali 2 dahasi","0101000020E6100000F390291F824E51402A2389B9FF9A4440"
135,"Sirg'ali 3 dahasi","0101000020E61000003ACF3351DF4E514096CD1C925A9B4440"
136,"Yo‘ldosh (Sputnik) 1 dahasi","0101000020E6100000950ED6FFB94D5140C3899E4ABC994440"
137,"Yo‘ldosh (Sputnik) 12 dahasi","0101000020E610000007C1994E214E5140CD2A22799D984440"
138,"Yo‘ldosh (Sputnik) 13 dahasi","0101000020E610000081A09229554E51402E43D25DC8984440"
139,"Yo‘ldosh (Sputnik) 14 dahasi","0101000020E6100000A2201DC3884E5140186D9F9FF3984440"
140,"Yo‘ldosh (Sputnik) 16 dahasi","0101000020E61000007C0FF2D5694D51401E1C47077F994440"
141,"Yo‘ldosh (Sputnik) 17 dahasi","0101000020E6100000F443B63D8B4D51407EF4972721994440"
142,"Yo‘ldosh (Sputnik) 1C dahasi","0101000020E6100000D281F634F14D5140DAC0C2EEE0994440"
143,"Yo‘ldosh (Sputnik) 2 dahasi","0101000020E6100000AC10A0F0234E51405B7DD00E139A4440"
144,"Yo‘ldosh (Sputnik) 2C dahasi","0101000020E6100000A80F6E7C374E51409C4F1DAB94994440"
145,"Yo‘ldosh (Sputnik) 3 dahasi","0101000020E610000015A86A276F4E514025E1E7644E9A4440"
146,"Yo‘ldosh (Sputnik) 3C dahasi","0101000020E610000050A2CAD5344E51406781768714994440"
147,"Yo‘ldosh (Sputnik) 4 dahasi","0101000020E61000008AC8B08AB74E514047CB811E6A9A4440"
148,"Yo‘ldosh (Sputnik) 5 dahasi","0101000020E6100000E9AE3610DC4D514087FE092E56994440"
149,"Yo‘ldosh (Sputnik) 6 dahasi","0101000020E61000000D5AA3795B4E514037CDF1C0B6994440"
150,"Yo‘ldosh (Sputnik) 8 dahasi","0101000020E6100000B2BEDC82004E5140F9BA0CFFE9984440"
151,"Yo‘ldosh (Sputnik) 10 dahasi","0101000020E610000016B204638E4E5140D47BCFEDCA994440"
152,"Yo‘ldosh (Sputnik) 11 dahasi","0101000020E610000030719AF4AD4E5140793073CB58994440"
153,"Yo‘ldosh (Sputnik) 7 dahasi","0101000020E6100000B3EA73B5954E514089658E40179A4440"
154,"Sirg'ali 4 dahasi","0101000020E61000001822A7AF674F5140B20FB22C989B4440"
155,"Eski Sirg'ali","0101000020E6100000456DD1B826505140699C3C1BA8994440"
156,"Chilonzor E mavzesi","0101000020E6100000B2F6D26F3A4E5140E67A3606F8A44440"
157,"Chilonzor 1 mavzesi","0101000020E6100000C608F2FD9E4E51409E5DBEF561A44440"
158,"Chilonzor 2 mavzesi","0101000020E61000006BA97290464E5140D943FB58C1A34440"
159,"Chilonzor 4 mavzesi","0101000020E610000069C306B0ED4D5140D8DFC8F264A44440"
160,"Chilonzor 5 mavzesi","0101000020E610000085E40929E44D514047D96CF651A54440"
161,"Chilonzor 6 mavzesi","0101000020E6100000935742D2824D5140614C9FC2B6A44440"
162,"Katta Qozirobod mahallasi","0101000020E61000001CE43FEEEC4D5140B3F2261AFFA24440"
163,"Chilonzor mahallasi","0101000020E6100000346EC559EC4E51403BAEA12F18A54440"
164,"Chilonzor I mavzesi","0101000020E610000055E531B9874E5140A5A2B1F677A54440"
165,"O'rda","0101000020E6100000733BEA9EAB505140E2F615B545A94440"
166,"Hadra (C-14) dahasi","0101000020E6100000CCAA1963F14F51403E6F74DF7BA94440"
167,"Muqimiy mahallasi","0101000020E6100000714FFCBD394F51403CAA5093CFA34440"
168,"Chilonzor 22 mavzesi","0101000020E6100000D79C28AECF4A5140D0D38041D2A44440"
169,"Pulemas","0101000020E6100000379902E32A54514034B275BA3DA54440"
170,"Akademiya shaharchasi","0101000020E6100000A0E469543B56514041B7973446AB4440"
171,"Bodomzor","0101000020E61000003A4668BA8D52514001DAFBF95BAB4440"
172,"Markaz-7","0101000020E6100000786FFBD467515140E264D12AE9A64440"
173,"Ishchilar shaharchasi","0101000020E6100000D6DAA09B225151405348E81D5DAB4440"
174,"Ibrohim-Ota mahallasi","0101000020E6100000E5637781924F51406E30D46185AF4440"
175,"Chuqursoy","0101000020E6100000030BBB83B34E5140C73258CC63B04440"
176,"Go'zal-1","0101000020E610000042F9CCA3AC575140437D810F14A34440"
177,"Do'stlik","0101000020E6100000100F176F1AF151404A27124C35384440"
178,"Qirguli","0101000020E61000003711476815F151409B4C26B8A2374440"
179,"Широтка","0101000020E610000075F3435B04F15140201043064D374440"
180,"Шодлик","0101000020E6100000D57036C247F05140DD64AFD238384440"
181,"Do'stlik 2 dahasi","0101000020E61000004ECD8A4D504D5140CD672F91C1984440"
182,"Yuqori-chirchiq","0101000020E61000003BAC70CBC7675140F984ECBC8DC14440"
183,"Пеликаны","0101000020E6100000074FD7C94FF0514087FDF9111A374440"
184,"Siyozi-poyon","0101000020E610000073C57BC41E2550408103FF0010DF4340"
185,"Do'stlik mahallasi","0101000020E61000007D6D4782BA4F5140B40EFDC9CEA54440"
186,"Джунгишлак","0101000020E61000007EE772DEDACC5040205B3BF658C04340"
187,"Урамас","0101000020E6100000373BAD36DACD5040E92F4F4244C04340"
188,"Suyurtepa","0101000020E6100000475BF0FDE8665140A5886764EB6D4440"
189,"Tashkishlak","0101000020E6100000B883C76D6A6751407B4CA4349B6E4440"
190,"Yunusobod 4 mavzesi","0101000020E6100000DBADC0EB0E525140E94FD147CFAE4440"
191,NULL,"0101000020E6100000F5F6E7A2215751400BE3B89DC7A54440"
192,"Aktam","0101000020E61000001CE09398B15451400D349F73B7634440"
193,"Shvepnikova","0101000020E6100000BD1704FB5455514073B21E08DA624440"
194,"2/2 dahasi","0101000020E6100000C6127B0DE6855140C05C8B16A0824440"
195,"11-й микрорайон","0101000020E6100000166A4DF38E5051405566EF31FD1C4440"
196,"12-й микрорайон","0101000020E6100000EAE51CE159505140AB59677C5F1D4440"
197,"13-й микрорайон","0101000020E610000082F63471BC5051401B5B199EA81D4440"
198,"14 микрорайон","0101000020E61000008C12F417FA505140CEC9E605331E4440"
199,"Beruniy 1 mikrorayon","0101000020E61000005E4E64413C4E5140AA656B7D91AA4440"
200,"46 dahasi","0101000020E6100000A154B1E721855140E1E18794B0814440"
201,"5/3 dahasi","0101000020E61000005017299485835140E47F97BE7C7F4440"
202,"5/4 dahasi","0101000020E6100000A0F595ACAF835140710B4C5DE87F4440"
203,"3 dahasi","0101000020E6100000FE82386A6085514014364DE9AA804440"
204,"Sattepo maskani","0101000020E61000008481E7DEC3BA5040B3017DC795D14340"
205,"Qo`shariq daxasi","0101000020E61000004639E2DA9A1552407730629F00684440"
206,"Shimoliy kichik daxasi","0101000020E6100000535DC0CB8C155240E4DDEC6A4D674440"
207,"М. Тургунбоева","0101000020E610000045AC0F351B4E514024928DACA11C4440"
208,"Шахматчи (Косим ота Фармонов махаля)","0101000020E610000060CF32E6094F51400F33EA10EE1C4440"
209,"Цементгородок","0101000020E61000005F5E807D744E51401E424B0D231B4440"
210,"Фарход","0101000020E6100000A5FED53E784F51408C71B499F91A4440"
211,"Гидрометрия","0101000020E6100000464662DD53515140EC9ADA63331A4440"
212,"3-daha","0101000020E6100000E6C9DA4BBF4F5140450CE0D2D61B4440"
213,"Кировский","0101000020E610000014B2F336B65151405479967BDC1C4440"
214,"Мукимий","0101000020E6100000DBEA28BDA55151408C29FD29FA1B4440"
215,"Аббасов","0101000020E61000006D4AC33A9F4E5140FF7B4B94181C4440"
216,"К. Турдиев","0101000020E61000008AE3C0ABE54E51404C101A660D1B4440"
217,"Рудаки","0101000020E61000008A8EE4F29F5151408CFFF114281A4440"
218,"С. Айний","0101000020E610000056BEC2DD344F5140DE91B1DAFC1B4440"
219,"Тинчлик","0101000020E61000002E573F36C94F5140E6D65A4EF81B4440"
220,"Х. Олимджан","0101000020E610000085BD3F941E5151404F9FD3E2421A4440"
221,"Нурили Йул","0101000020E6100000C1D6B672C050514021D96D61271C4440"
222,"Самарканд","0101000020E6100000AA4313CD28505140682C5041341D4440"
223,"Сырдарья","0101000020E610000018AF1E9C745051405BAF8E88CE1C4440"
224,"Узбекистон","0101000020E6100000703903C8755151403E4ADBAE861B4440"
225,"финский посёлок","0101000020E6100000437EECE4C2525140D22236B3F1194440"
226,"64 квартал","0101000020E61000000FDC37ADCA5051402480F67EFE1B4440"
227,"Бабур","0101000020E61000008E290E56D25051409DAE38E6861D4440"
228,"Богишамол","0101000020E61000007DE6AC4FB95051401D774A07EB1D4440"
229,"Фергона","0101000020E6100000BF5E06088B505140A18BE145BA1D4440"
230,"Ширин","0101000020E610000051C07630E250514048F883262E1D4440"
231,"Ёшлик","0101000020E6100000F33AE2900D515140A2FF2FE8CE1D4440"
232,"Дустлик","0101000020E610000089D008362E51514010638852311E4440"
233,"1 блок","0101000020E610000083E0F1ED5D48514079133246DA1C4440"
234,"2 блок","0101000020E6100000E3642CE45B485140C79BA15D2A1D4440"
235,"6 kichik nohiya","0101000020E61000001E108D9367E75140CF9B2F9BA57F4440"
236,"1-Mikrorayon","0101000020E6100000B8301C19751B5040CC3A2D89FDE14340"
237,"2 kichik nohiya","0101000020E610000099BC5C1FB11B50402B0593D1B7E14340"
238,"3 kichik nohiya","0101000020E6100000117349D5761B5040CF41E1FD02E14340"
239,"4 kichik nohiya","0101000020E61000002ED1B41F841B504067182DF64DE04340"
240,"5B kichik nohiyasi","0101000020E61000007BD56FCB6C1A5040ECEA9FF18EDF4340"
241,"5A kichik nohiyasi","0101000020E61000003EBC9D33D81A5040593BE52C47DF4340"
242,"5V kichik nohiyasi","0101000020E6100000377B5688FD195040BAF770C971DF4340"
243,"6A-Mikrorayon","0101000020E6100000F2857FC7261C504023F59ECA69DE4340"
244,"6B-Mikrorayon","0101000020E6100000BAB07FE8931B504016F6B4C35FDE4340"
245,"Shimoliy Mikrorayon","0101000020E61000004A79AD846E1C504040074C9649E44340"
246,"Sharq 1 daxasi","0101000020E6100000E675C4211B1D50404474BE8EEEE14340"
247,"2-Sharq","0101000020E61000000CEE62F5A21C50403711476815E24340"
248,"Shergiron mahallasi","0101000020E6100000FFE1F8EBDF1850404586B07504E24340"
249,"Oʻtror","0101000020E61000001545FE4F341950401158946D3BDF4340"
250,"Yunusobod 13 mavzesi","0101000020E6100000694B677110535140C9F5002725AF4440"
251,"Chilonzor 24 mavzesi","0101000020E6100000F41032352E4B51409E5E29CB10A44440"
252,"Chilonzor 26 mavzesi","0101000020E61000005E807D746A4B5140C8E5E4EA6CA34440"
253,"Yangi Mirobod","0101000020E6100000DBF00577B1515140E72384A2D4A44440"
254,"Qo'yliq 1 mavzesi","0101000020E6100000164ED2FC31545140C29F8614A89F4440"
255,"Qo'yliq 2 mavzesi","0101000020E61000005441FB4795535140DE1CAED51EA04440"
256,"Qo'yliq 3 mavzesi","0101000020E6100000C8C562E5E1535140594E42E90BA04440"
257,"Qo'yliq 4 mavzesi","0101000020E61000000E5C2F979E535140FE86E4BF9B9F4440"
258,"Qo'yliq 5 mavzesi","0101000020E6100000B0535161115351405C1FD61BB59F4440"
259,"Андижан","0101000020E6100000C647307A13515140E4E8E04F431D4440"
260,"Qoraqamish 1/1 dahasi","0101000020E6100000016663CA2C4F5140A8BBFC9820AD4440"
261,"Lunacharskiy markazi","0101000020E6100000B7932D37BD5651406DE8C13813AB4440"
262,"Jarariq dahasi","0101000020E610000045189A466E4B5140D0D0E40753AB4440"
263,"Abu Tayib Ho'qandiy mavzesi","0101000020E6100000C28C841156BB51400C080841A2464440"
264,"Jeketerek massivı","0101000020E6100000315B57714FCE4D401CB9C903EC374540"
265,"Янги-Маргилон","0101000020E6100000E7B63302E0ED5140D855928664374440"
266,"108 povorot","0101000020E61000007AAB09FDA7CE4D408D08C6C1A5394540"
267,"Oybek","0101000020E61000002A487DA3E75151407B5C65B7E0A54440"
268,"Cheryomushki","0101000020E6100000FEBC0402F8CE4D408D614ED0263C4540"
269,"Qoraqamish 1/4 dahasi","0101000020E610000071372D1D184F51402EC901BB9AAE4440"
270,"3 блок","0101000020E6100000C6585CD2074851409EE45828E31C4440"
271,"4 блок","0101000020E6100000EF66576BF2475140551DCDEC4E1D4440"
272,"Vodokanal","0101000020E610000067D2A6EA1ECC4D4022669BC0193F4540"
273,"Ayran","0101000020E61000000E1FC7C5076E4D404AA24DC411894540"
274,"Yunusobod 8 mavzesi","0101000020E61000000859164CFC515140EBEF5B6386AF4440"
275,"Aday awıl","0101000020E6100000092648B604CB4D408A7DB89A2B3D4540"
276,"Avtojolshılar qalashası","0101000020E6100000E2506452E8CF4D40AB9D17DD30414540"
277,"4-mitti tuman","0101000020E6100000A69883A0A3725040F2B22616F86A4340"
278,"Имам Аль Мотрудий","0101000020E6100000063E50B8E8BD504056B0D705CDD74340"
279,"Xo'ja G'unjoish- 2 mahalla","0101000020E610000007335CD372BD5040590C683398D84340"
280,"3-mavze","0101000020E6100000846F50B120315140C9224DBC03424440"
281,"4 mavze","0101000020E61000001F6ADB300A32514042621635F3414440"
282,"5-mavze","0101000020E610000008E1760D9F3151400FF2D5E99B424440"
283,"Do'stlik","0101000020E61000008003A4479D3351402381ABE1C73E4440"
284,"Vodnik","0101000020E6100000C279275511325140CC947B26A03D4440"
285,NULL,"0101000020E61000003F085CB285315140EB47D455CB3D4440"
286,"1 - kichik doha","0101000020E6100000298C7791D3315140317BD976DA3E4440"
287,"Bahor","0101000020E6100000BDDF0D0E1B305140A397ACE529444440"
288,"Ulug'obod","0101000020E6100000A5D0C31A783051402DDB3D2FCB444440"
289,"Órnek","0101000020E610000005CE082582DB4D40CA0C65F2174B4540"
290,"Go'zal-2","0101000020E61000006B8B21EF8B575140D6AFCFF7AEA44440"
291,"Qum","0101000020E6100000CF914BD26BBB5140910FD5EF1D404440"
292,"4-kichik daha","0101000020E6100000CEEAD3E0EC15524096ED43DE72604440"
293,"2-kichik daha","0101000020E610000023A534F6001652400D26B49BCF5F4440"
294,"1-kichik daha","0101000020E6100000C06A1B35951552402606DC4EB65F4440"
295,"5-kichik daha","0101000020E6100000CBE7267B151552409C40C7FDFD5E4440"
296,"3-mitti tuman","0101000020E61000000817974F7B735040B7483547B16B4340"
297,"Aday awıl","0101000020E610000008837C1A41694D40F72F5A91E2854540"
298,"Qasim Auezov","0101000020E6100000080A174DC2E44D40415CDEC1F4744540"
299,"Respo","0101000020E6100000F809568B3EC84D40CD3AE3FBE23A4540"
300,NULL,"0101000020E610000043C6A354C2CC4D40BC71F7DE84404540"
301,NULL,"0101000020E610000003684AA1E2CF4D409A7F4F070D384540"
302,"Qoratosh dahasi","0101000020E6100000B6ACB13A284F51401C5E10919AA84440"
303,"Guliston mavzesi","0101000020E61000005932C7F22E4A514006781C5080A14440"
304,"Irrigator dahasi","0101000020E610000092BEFF45065351409BA7DF2AF4A84440"
305,"Olmazor dahasi","0101000020E61000004B3E7617A84F514010AD156D8EA74440"
306,"Yunusobod 7 mavzesi","0101000020E61000006B36453646515140F2310EE48FAF4440"
307,"Sirg'ali 6 dahasi","0101000020E6100000A8435D5AC34D51406FE877ABF89C4440"
308,"Hodjayev dahasi","0101000020E6100000EC191DEBBD4B5140AEE06D94ABAD4440"
309,"TashGosMi Shifokorlar dahasi","0101000020E6100000230D13B2984B514070AE06CD53AE4440"
310,"Qo'yliq 6 mavzesi","0101000020E6100000B898FAD48C525140E6BADF579B9F4440"
311,"Quruvchilar dahasi","0101000020E610000059A65F22DE5051405C87B4D7CC9B4440"
312,"Tashselmash dahasi","0101000020E61000009A1540E7A45351401BF8ACC66DA74440"
313,"Bo'ston daxasi","0101000020E61000009F60B5E853185240FF678302A5624440"
314,"Samanbay APJ","0101000020E6100000FFFC080D0EC94D403FD12B54ED404540"
315,"Chilonzor 3 mavzesi","0101000020E61000009071207F444E5140C84851C2A7A44440"
316,"Mikrorayon 3/1 ( Ittifoq mahalla)","0101000020E6100000BF243A70F3F65040808868CFC00E4440"
317,"C2 B Sayiljoyi maxallasi","0101000020E6100000AAC3C02962F4504009AC7713D7104440"
318,"Navro'z daxasi","0101000020E610000011BF0754A4425140D76432C1158D4440"
319,"Keńes awıl","0101000020E6100000F6871C1142D24D40D910D20957B54540"
320,"Ernazar Jarma","0101000020E6100000E69887A7B2CF4D40BAEEF7D566B34540"
321,"Qiyot (C-5) dahasi","0101000020E61000009392793FC951514075221C0EA6A94440"
322,"Eski shahar","0101000020E61000002F5A36293B735040D2A68F65666F4340"
323,"Roguzar","0101000020E6100000DD45F35BCF7350404A5C6CFF6F704340"
324,"Samarqand","0101000020E61000009D3FB7E1C17350402942EA76F66F4340"
325,"5-mitti tuman","0101000020E6100000C8A53B9949725040F276291A106B4340"
326,"Tong daxasi","0101000020E6100000000E901E7542514014E6E214C28D4440"
327,"5A kichik nohiya","0101000020E61000006E241AEEEDE651402FAAA0FDA37F4440"
328,"Avtomobilchi guzar","0101000020E610000052BAF42F49535140A085A9D2BB9B4440"
329,"Doslıq makan puxaralar jıyını","0101000020E6100000554FE61F7D834D40E3EB21D04FE44540"
330,"Moynaq makan puxaralar jıyını","0101000020E61000007E1EA33CF3824D40DA6C510BCAE04540"
331,"Tallı ózek makan puxaralar jıyını","0101000020E610000012D3CFE517844D408FBAE70A00E34540"
332,"Jayxun makan puxaralar jıyını","0101000020E61000006071DD3939844D40E14CA7D0D4E14540"
333,"Aral makan puxaralar jıyını","0101000020E610000001857AFA08834D4072666089ACE14540"
334,"поселок Нефтебаза","0101000020E6100000AE69392BFDB64D40ECACCC4A49324540"
335,"Góne qala","0101000020E6100000872870FC9ABC4D40832F4CA60A374540"
336,NULL,"0101000020E610000074C872B790B64D40825259B9BC334540"
337,"Ózenkól-2 massivı","0101000020E61000007484679D4CCD4D40D34D6210583A4540"
338,"Texnik awıl","0101000020E610000058BE78509A934D40A764EF7B8AC84540"
339,"Sarikulka","0101000020E6100000C96E0B3B3152514009A469F57AA44440"
340,"Tuba","0101000020E61000000092448A5CBD4D40589DE62ED3384540"
341,"Aybek xojalıǵı","0101000020E6100000FA4C518946BE4D40707CED9925364540"
342,"C-12","0101000020E61000003FA1E8CB1C515140744A9B0535AA4440"
343,"Alim awıl","0101000020E61000005A21F6532DCA4D40DFF8DA334B2E4540"
344,"Актепа","0101000020E610000096E6FB4E38A751400C9AF1118C844440"
345,"Военный городок","0101000020E6100000F3C1D77C814D514047F9EEFBDCA04440"
346,"Chilonzor G9 mavzesi","0101000020E6100000FAD005F5AD4C5140BD789A2732A54440"
347,"КС-5","0101000020E610000038A4AC3A06B94D406EB3C23E4B344540"
348,"Anarkulov daxasi","0101000020E61000000D665DEDF2445140483A5EDCA1904440"
349,"Temir jol kishi rayonı","0101000020E6100000AC4E7397696D4D4079268F029F854540"
350,NULL,"0101000020E61000000B92E3F32F6C4D404CC7F7205F854540"
351,NULL,"0101000020E6100000B0A481C41B6C4D4080E3214212864540"
352,"Rakat mahallasi","0101000020E6100000BB8BE6B79E4F51402F9B4A500DA54440"
353,"Rakatboshi mahallasi","0101000020E61000005AEB30CB4350514082E8A45247A64440"
354,"Yangizamon dahasi","0101000020E610000071ED9F02BB525140B9CFE0A58AA34440"
355,"Sirg'ali 6A dahasi","0101000020E610000088C0ECF9754D514035FBF2B85E9D4440"
356,"Qo'yliq 7 mavzesi","0101000020E6100000D3C5014F3552514041518F238C9F4440"
357,"Chuqurqishloq","0101000020E6100000C4D78D2DBAB750408AA5ED04A0874340"
358,"Pastdarhon","0101000020E6100000A7D2AAF12D4D5140291EBC1BB09E4440"
359,"Qubla-shıǵıs sanaat zonası","0101000020E61000007373E08BE5D24D40E4D308A293324540"
360,"Aydın jol MPJ","0101000020E6100000F847293284254E4086CB2A6C06834540"
361,"Ǵarezsizlik MPJ","0101000020E610000007D968EF42234E401A5822ABB6834540"
362,"Кавчинони боло махалля","0101000020E6100000990A968FC9BE5040D99596917ACD4340"
363,"Farovon massivi","0101000020E61000009BF4087FD0D350402F4FE78A529F4240"
364,"Qonshı MPJ","0101000020E6100000AC144C46DFE34D402E4613DED4734540"
365,"Qarako'l MPJ","0101000020E61000000612143FC6E64D40C4375ECB75774540"
366,"Obod Makon dahasi","0101000020E610000067CA98CCC2535140674A46297CA54440"
367,"Jipek joli MPJ","0101000020E6100000684DE262FBE24D401F8E6445C3764540"
368,"Boz awıl","0101000020E61000008F78680EFFCC4D404781F4030D364540"
369,"5/1B dahasi","0101000020E61000005428C1D1C4845140EFCFA0FC38804440"
370,"3 kichik nohiya","0101000020E610000075F002DB77E65140CF447D3782804440"
371,"Bektemir (Suvchi) dahasi","0101000020E6100000125D610B0B585140A6A1A1DA3BA04440"
372,"Moynaq City kishi rayonı","0101000020E610000004464DAA6C834D40C9C9C4AD82E44540"
373,"7 kichik nohiya","0101000020E6100000318F464FDB1950407448C55AD7DE4340"
374,"Gulzor mahallasi","0101000020E6100000E264D12AE95251408E829664D3954440"
375,"25 «A»-kishi rayon","0101000020E6100000A5773B0CF7D24D405DF34F15F8384540"
376,"25-shi kishi rayon","0101000020E6100000D27AAEA536D24D40E92EE46C95394540"
377,"24-shi kishi rayon","0101000020E61000000718A76B37D14D400A6D9450553A4540"
378,"23-shi kishi rayon","0101000020E6100000CA87A06AF4D14D4003C12D69D6384540"
379,"20-shi kishi rayon","0101000020E6100000C914BD9D8ED04D40929D6D24BF394540"
380,"21-shi kishi rayonı","0101000020E6100000D019074D01D04D404B0C5DE4F9384540"
381,"22-shi kishi rayon","0101000020E6100000A251706715D14D4093F47A4155384540"
382,"27-shi kishi rayon","0101000020E6100000B77A4E7ADFCB4D402E01F8A7543C4540"
383,"26-shi kishi rayon","0101000020E61000009240834D9DCA4D40E0DFFB766D3C4540"
384,"Sirg'ali 5A dahasi","0101000020E61000000282397AFC4C5140B41B2213959C4440"
385,"Shaldiramoq massivi","0101000020E6100000D759E3222DBC5140D1AD7C3B2E434440"
386,"4 kichik tuman","0101000020E6100000FE55911B8FE651401DE967452F7F4440"
387,"5 kichik nohiya","0101000020E6100000880E266A8EE651401B8D32D1D67F4440"
388,"1 kichik tuman","0101000020E61000005023E3079DE55140B1B90FE5B0804440"
389,"2 kicik tuman","0101000020E6100000090ACDBFA7E55140AB9DBC23BE7F4440"
390,"3-shi kishi rayon","0101000020E6100000D8A9A8B008B94D400FD3BEB9BF344540"
391,"7- Mingchinor daha","0101000020E61000002A74B91C8AE75140374F1A0F5B814440"
392,"6 daha","0101000020E6100000FD91D8A4914F4E40D2623ABE07C84440"
393,"Ural kazakları elatı","0101000020E6100000F0E9A001ABC74D40D37CDF09073B4540"
394,"Bestóbe","0101000020E61000006EA873A0E2DF4D40D84A43E8FB2B4540"
395,"Mayjap massivı","0101000020E6100000EAE51CE159234E40D426F33405824540"
396,"Abat makan MPJ","0101000020E6100000ECD973999AE14D40E305C71B4F784540"
397,"Gujimli MPJ","0101000020E6100000357804DC98E24D40D126E208AD784540"
398,"Orjap MPJ","0101000020E6100000F910548D5EE04D409AB4A9BA47774540"
399,"Sarıkól","0101000020E6100000CEDF844204C84D402C02AD0A1E3A4540"
400,"Abat makan MPJ","0101000020E61000005D78149D1BE44D408F6CAE9AE7774540"
401,"Kukshi qala MPJ","0101000020E610000018FA168C00E44D40B8109A136A784540"
402,"8-chi mikrorayon","0101000020E6100000193BE12538635140F254D16927BB4440"
403,"10-й микрорайон","0101000020E6100000ED647094BC625140CA8745B181BA4440"
404,"Konstruktorlar mavzesi","0101000020E61000001D71C8065264514075ABE7A4F7BA4440"
405,"9-kichik nohiyasi","0101000020E6100000BBAE04F7A8635140738BAF2C87BA4440"
406,"1-chi mikrorayon","0101000020E610000069F68AB8CA645140FFECA2433BBE4440"
407,"2-chi mikrorayon","0101000020E6100000E9B23D1F8A645140B03495EAA7BE4440"
408,"3-chi mikrorayon","0101000020E61000006A90381AF6645140DF420D9535BF4440"
409,"4-chi mikrorayon","0101000020E61000001A3790896F6551405B6FE5362BBF4440"
410,"Mikrorayon","0101000020E61000007D7C9D2F515751408AB6BEA3217F4440"
411,"Регистан","0101000020E61000000D384BC972BE504091B41B7DCCD34340"
412,NULL,"0101000020E6100000FC6541727CBA4F4016F88A6EBD114440"
413,NULL,"0101000020E6100000093AB58E05BB4F400B20216F5E114440"
414,NULL,"0101000020E6100000B12DA814E0BB4F408E8E50D8EA104440"
415,NULL,"0101000020E61000002C19B61C9EBA4F4000B9B365AF0F4440"
416,"Guliston kichik tumani","0101000020E61000005766005E55F95040C2397E03EE244340"
417,"Mexanizatorlar qalashası","0101000020E6100000D7FB8D76DC214E40076B52C02C844540"
418,"Shaǵalawıl","0101000020E610000019C2D6112CCE4D406557B5FF5C354540"
419,"Suvsoz-1","0101000020E6100000345FCA65C8575140F3936A9F8E9F4440"
420,"Temir jol guzari MPJ","0101000020E61000002AE09EE74FE64D40C857A76F3E764540"
421,"Berdaq MPJ","0101000020E6100000BB5F05F86EE44D400AAEA877A7764540"
422,"Sirg'ali 7A dahasi","0101000020E610000091EEE714644D5140948F38BFBC9B4440"
423,"TTZ 2 dahasi","0101000020E6100000C9981650835851402F89B3226AAD4440"
424,"Maxalla №27 Dustlik","0101000020E61000007DD4BA6823514E40F88DAF3DB3C54440"
425,"Saltır Qıpshaqlar awılı","0101000020E61000001D2DBDEC8DE44D40A61595C3DD8C4540"
426,"Энергетики","0101000020E6100000E59CD843FB7B514095DD27A2BAD04440"
427,"Aviasozlar 1 dahasi","0101000020E61000005A58816BB85651403F9B0B1291A44440"
428,"Residence of the President Shavkat Mirziyoyev","0101000020E61000007685E39ED361514076F05D94EAB44440"
429,"Дача Ислама Каримова","0101000020E61000009908C0E4EB815140DED7929F9ED54440"
430,"28-shi kishi rayon","0101000020E61000007989FBD9D9D24D40E43E83972A3B4540"
431,"Oqtepa Soxil buyi turar joy majmuasi","0101000020E6100000F05014E8134D51402A3CC32F50A64440"
432,"Tirsakobod mahallasi","0101000020E6100000D2BD9877E64C51407270E998F39F4440"
433,"Олмачи махалля","0101000020E610000092167838CB545140588748F201A94440"
434,"Sharaf Rashidov's residence","0101000020E610000078F013075050514098F2C6EEA7A64440"
435,"Ульфат","0101000020E6100000D4C21B881B5451402117E64EFAA14440"
436,"Заготзерно","0101000020E61000008BEDA4741F545140D3F2A89D06A44440"
437,NULL,"0101000020E61000002B5D0BC4FC2A4E408C063AA462B44440"
438,"Tazaqiyat","0101000020E6100000EBC726F9112E4E40DA03ADC090B44440"
439,"Buzxana","0101000020E6100000F17739364C2A4E40FBDA44775AB24440"
440,"Uchuvchilar shaharchasi","0101000020E610000082829C410D5251408008162C7AA24440"
441,"Shımbay shayxana","0101000020E6100000AD31E884D0CC4D408D800A47903D4540"
442,"1-shi kishi rayon","0101000020E61000001DECA8C53BCB4D40797764AC362A4540"
443,"2-shi kishi rayon","0101000020E6100000C3013E8919CC4D40598B4F01302B4540"
444,"Sirg'ali 3A dahasi","0101000020E61000004A20CABCFA4C51407724A82BE99B4440"
445,"Sirg'ali 9A dahasi","0101000020E6100000FB100A00C44C5140F887D283279B4440"
446,"Тахатапуль","0101000020E6100000ED992501EA5051401B8524B37AAB4440"
447,"Medqalasha","0101000020E6100000CBFDC4B766CF4D40A41F68603F3C4540"
448,"Navro'z mahallasi","0101000020E61000005204DD03195651402A49E87816AE4440"
449,"Pojarnıy gorodok","0101000020E6100000A15C644C0BCB4D40BB8C518D4D2B4540"
450,"A. Jomiy mahallasi","0101000020E610000052A3EB1DC9345140DA70FD6085244440"
451,"Ma'rifat mahallasi","0101000020E610000031BA17F34E345140BE0B00FA22214440"
452,"Ko'kcha","0101000020E61000007963F7D3B54D51404C05CBC7A4A94440"
453,"Mahallasi № 4 ''YUQORI BOG'","0101000020E61000005044752964534E40C48DA559EAC74440"
454,"Mahalla № 3 MARIFATCHILAR","0101000020E610000034034B64D54D4E4058AB764D48C74440"
455,"Mahalla № 2 FERUZ","0101000020E61000000FDB711EA94E4E40EDF71FF4C7C74440"
456,"Mahalla № 1 MUSTAQILLIK'","0101000020E6100000A8A8FA95CE4F4E405D5AC3FB60C84440"
457,"mahalla № 6 Beshmergan","0101000020E6100000DA6F928BD6524E40C3EEE0CC54C54440"
458,"Mahallasi № 5 Аl-Horazmiy'","0101000020E610000022122ADD02524E40AD6301B8FEC74440"
459,"Mahalla № 7 SHODLIK","0101000020E61000004A230B3D07524E404C1C7920B2C84440"
460,"Mahalla № 8 GULSHAN","0101000020E6100000B21E08DA2E514E40E1174D1D9AC74440"
461,NULL,"0101000020E6100000EC27AD09B3514E4034C467A153C64440"
462,"НАВБАХОР район №10","0101000020E61000007F283D78924F4E4032F7DA7DD8C64440"
463,"Avesto район №11","0101000020E61000004F13C7CBE44E4E402043C70E2AC64440"
464,"M'ashal район №12","0101000020E6100000AA32E774B44E4E40DC86ACC9AEC54440"
465,"Birodarlik mahallasi","0101000020E6100000337271AFA75151402D32F092EEA24440"
466,"Yangi xayot Mahalla №13","0101000020E61000001371299DFE544E40EF37DA71C3C54440"
467,NULL,"0101000020E61000008BB84AC164524E406CFF14D8ADC74440"
468,"YANGI OBOD MAHALLASI № 16","0101000020E6100000045D56BCEC564E40FA731B1E0CC44440"
469,"SAXOVAT Mahalla №17","0101000020E61000006CEDD8637D534E4073B1B3322BC74440"
470,"Moyariq mahallasi","0101000020E610000084F5DAC7E54D5140015EB06543B04440"
471,"JAMBUL Mahalla №19","0101000020E61000003944DC9C4A544E4019051C9D4EC74440"
472,"BOBUR Mahallasi №19","0101000020E6100000A03C878D0D554E409F115B30A7C44440"
473,"Axil maxallasi","0101000020E6100000FCD29112714E5140ABED81B119B14440"
474,"Obi Hayot Mahalla №20","0101000020E61000007A3DF3CD91544E40B11298F331C64440"
475,"NAVRUZ Mahallasi №21","0101000020E61000009358ADA7B14B4E40EB6E9EEA90CA4440"
476,"ISTIKLOL Mahalla №22","0101000020E610000099AE714749504E405DECACCC4AC74440"
477,"Toza bog'  Mahalla №24","0101000020E61000005EE68585A44D4E40C3B645990DC84440"
478,"Kŷхна қалъа Mahalla №23","0101000020E6100000F77DEEBA6D4F4E400B11CBC1C7C74440"
479,"UMUD Mahalla №25","0101000020E610000029780AB9524E4E40ED5921F653C84440"
480,"JINGOVUZ Mahalla №26","0101000020E610000027497C934B4D4E40859F9339F1C54440"
481,"TEMIR YOLCHI Mahalla № 28","0101000020E6100000C0A8EEDB5A504E401250E10852C54440"
482,"БАЙНАЛМИНАЛЧИ Mahalla № 29","0101000020E61000007DBC4681F44D4E407FE1F0DD41C94440"
483,"OLIMPIYA Mahalla №30","0101000020E610000003F7F2F1BF4D4E407986BA59CDC84440"
484,"GULCHILAR Maxalla №31","0101000020E610000068ECA6EF90514E4050A6762BF0C64440"
485," OLMA BOG' Maxalla №36","0101000020E61000003F52448655514E4066715A4B5CC74440"
486,"JALOLLADDIN MANGUBERDI Mahalla №37","0101000020E6100000C933D4CD6A4E4E40E426B4F688C84440"
487,"BUSTON Maxalla №32","0101000020E610000095922FB2AE534E40FBB8910DFFC44440"
488,"Miskin mahallasi","0101000020E6100000094DB791575051402FF2576DA3AD4440"
489,"KAMOLOT Mahalla №33","0101000020E61000004CC79C67EC504E4016B88663A7C94440"
490,"VOKZAL Mahalla №40","0101000020E61000009F14F76926514E4002614C9FC2C44440"
491,"ZIYOKARLAR Mahalla №34","0101000020E6100000F913950D6B4A4E40DED8FD744DCB4440"
492,"ISLOMOBOD Mahalla №38","0101000020E61000004557D8C2E24A4E40C99063EB19CA4440"
493,"NURLI HAYOT Mahalla №39","0101000020E6100000B9C89816504C4E409DFEA2BA6FC84440"
494,"Namuna mahallasi","0101000020E61000004523449EC94F51400C73823639AB4440"
495,"Qorasaroy mahallasi","0101000020E6100000CAB3812AA44F51400BCAD9E0E9AB4440"
496,"Xonchorbog' mahallasi","0101000020E61000001A6EC0E7075051409276A38FF9AB4440"
497,"Guruch Ariq mahallasi","0101000020E610000001B15BBA384F51401372EF2B20AC4440"
498,"Binokor Mahalla №35","0101000020E61000001570CFF3A7544E40089DC6ACCDC74440"
499,"Taraqqiyot mahallasi","0101000020E610000068C06A766E4F5140DD79E2395BAD4440"
500,"1-mitti tuman","0101000020E6100000729879BCDA7250408C61F316B46C4340"
501,"2-mitti tuman","0101000020E610000026506969937250406CC94F4FC46C4340"
502,"6-mitti tuman","0101000020E6100000B1FDBF458272504027F6D03E566A4340"
503,"7-mitti tuman","0101000020E61000007D0ADBAAFF7150403A330BFEC86A4340"
504,"Achabod mahallasi","0101000020E61000009C1E6F4D954E5140272EC72B10AC4440"
505,"Paxtazor mitti tumani","0101000020E61000008E80C0B975735040CEE9680BBE6A4340"
506,"Qarshi City","0101000020E6100000C42E40915D715040FA9CBB5D2F6B4340"
507,"Mustaqillik","0101000020E6100000E03AB5E93E765040D7CD7B52DC6E4340"
508,"Tutoq","0101000020E6100000A230DE45CE755040D6C33CD0AF6C4340"
509,"Xonobod","0101000020E6100000C64E78094E755040980D7C56E36E4340"
510,"Sputnik","0101000020E6100000D0645AF67F6F5040C8878F3E9C694340"
511,"Guzarboshi mahallasi","0101000020E61000004650EBEC9A4E51406724E76965AB4440"
512,"Hazrati Imom mahallasi","0101000020E61000006553AEF02E4F514070A1E1838DAB4440"
513,NULL,"0101000020E610000062934616FA705040C7AEFE19EF6B4340"
514,"Chiltug'on mahallasi","0101000020E610000073092C257050514001289023E7AB4440"
515,"Hofiz Kuhakiy mahallasi","0101000020E6100000D834A5AB2A4F5140E27899BC5CAA4440"
516,"Xastimom mahallasi","0101000020E610000013B06719734F51403A2CC36E8EAA4440"
517,"Abu Bakr Shoshiy mahallasi","0101000020E61000008636A5611D4F51406744696FF0AA4440"
518,"Qushtut mahallasi","0101000020E6100000CF9959F0C74E51407E12E9C8DBAA4440"
519,NULL,"0101000020E6100000E55BC41C2973504057E2A6ABE0704340"
520,"Xislat mahallasi","0101000020E61000002394089E8C4B5140F49E6FB0DCAD4440"
521,"Chig'atoy-Oqtepa mahallasi","0101000020E61000000E805DF2E44B514084A0A3552DAD4440"
522,"Chig`atoy Darvoza mahallasi","0101000020E6100000D3D281516E4E5140A8EA7992CFAA4440"
523,"Quyosh mahallasi","0101000020E610000066F84F37D04D51400C61904F23AB4440"
524,"Allon mahallasi","0101000020E6100000DE095119DA4D514080B74082E2AB4440"
525,"Shifokorlar shaharchasi","0101000020E610000075498BE9F85750405AF3E32F2D0B4440"
526,"Paxta mahallasi","0101000020E61000001021AE9C3D4E5140CA7B8B3D6AAE4440"
527,"Shifokorlar shaharchasi","0101000020E6100000C8D52368274B51401510A49C79AD4440"
528,"Jiydali mahallasi","0101000020E61000000A54B593F74B5140B01EF7ADD6AE4440"
529,"1-Rustam","0101000020E610000083908719F5BF50400AD39C610FD14340"
530,"2-Rustam","0101000020E6100000450A0A28F9BF5040BC7669C361D04340"
531,"3-Rustam","0101000020E6100000C1F6DDBE58C05040C57B69E5B9D04340"
532,NULL,"0101000020E6100000D92F8E80C05850407C6DECC8470A4440"
533,"17-kichik nohiya","0101000020E610000051C8844E3E585040C758B78B7A0E4440"
534,"7-kichik nohiya","0101000020E610000081E8EEDFE1575040C901BB9A3C0E4440"
535,"6-kichik nohiya","0101000020E610000026C79DD241585040359DF8C5000D4440"
536,"5-kichik nohiya","0101000020E61000009159620A7B585040FCAB22371E0C4440"
537,"4-kichik nohiya","0101000020E6100000BD2319285F585040861C5BCF100B4440"
538,"3-kichik nohiya","0101000020E6100000E8001CD62F585040B288BC40A40B4440"
539,"2-kichik nohiya","0101000020E610000039590F04ED5750406A013510260C4440"
540,"1-kichik nohiya","0101000020E6100000F8C19E1BBF575040CFD5FB32BD0C4440"
541,"9-kichik nohiya","0101000020E61000004781F4038D5750409E978A8D790F4440"
542,"10-kichik nohiya","0101000020E610000000C79E3D1757504002A32655360F4440"
543,"Yuqori qishloq","0101000020E61000009EFBBCF355575040FBA3B95F4F104440"
544,"Ammag'on","0101000020E6100000676B330436B35040DFCC9EBAA8844340"
545,"Yoshlik","0101000020E61000003E1757A6A959504096E1896A5B0E4440"
546,"1-Bershabot","0101000020E610000078279F1EDB525040D4EE5701BE1E4440"
547,"2-Bershabot","0101000020E6100000AF6F719E7B5350407ACD61AD901F4440"
548,"Safedmun","0101000020E61000009ACFB9DBF51A5040F4FC69A33ADE4340"
549,"Olotxona","0101000020E61000005051F52B9D1A5040E0336D5A84DE4340"
550,"Burqut","0101000020E61000001A06E22B701A5040934F34B4A6DE4340"
551,"Charx Komolon-2 mahallasi","0101000020E6100000BA3F2839714E514003E55BC41CA64440"
552,"Quyi Darveshi","0101000020E61000007BAEA53627085040CBC463F5FDDB4340"
553,"Yuqori Darveshi","0101000020E610000002C177F6F0085040C9FFE4EFDEDC4340"
554,"Lutfiy mahallasi","0101000020E61000000FF0A485CB4C51407CEB68C130A64440"
555,"Qatortol-1 mahallasi","0101000020E6100000D36BB3B1124D5140780F2B37ACA54440"
556,"4-mavze","0101000020E6100000E186CE21DF3151402DE285BE05424440"
557,"6-mavze","0101000020E61000005F0CE544BB3251407220DA7D7D414440"
558,"2-mavze","0101000020E6100000E24515B47F315140B73B10FEEA3F4440"
559,"Sharq Tongi mahallasi","0101000020E610000049241B59C34A5140EA7EA9FAF0A14440"
560,"Sharof","0101000020E61000002E69D6636C4A5140453AF2F6D6A14440"
561,"Mirobod","0101000020E61000005484E5194551514054FB1983F3A44440"
562,"Hamid Sulaymonov mahallasi","0101000020E6100000BC934F8FED505140250BF37920A54440"
563,"Xayrobod mahallasi","0101000020E61000001491065C7C4B514098C4B4CAA7A14440"
564,"Xonto`pi mahallasi","0101000020E6100000CB21F3122D4B51404A404CC285A14440"
565,"Naqqoshlik","0101000020E61000009EAE939FF94C51405DFDD8243FA24440"
566,"Aklan mahallasi","0101000020E6100000473767E92F4D5140810B0D1F6CA84440"
567,"Beshqayrog'och mahalasi","0101000020E610000006C13E952E4A51402B9F8AC0FDA54440"
568,"XATP-16","0101000020E61000000F176F1A91C94D40FC901216703A4540"
569,"Beshqo'rg'on mahallasi","0101000020E61000001821E120464B5140456FA763849E4440"
570,"Dombrobod mahallasi","0101000020E610000077741200524D51407AF0243328A14440"
571,"Abdulla Qahhor mahalla","0101000020E61000004717409D97505140839C418D8CA44440"
572,"Gavxar mahallasi","0101000020E6100000B08D78B29B4D5140938D075BECA14440"
573,"Katta Do'mbirobod mahallasi","0101000020E6100000D8CC6B36204D51403F912749D7A14440"
574,"Yakkabog' mahallasi","0101000020E6100000B3672A1F5D4C514090EE8C5B71A14440"
575,"Qatortol-2 mahallasi","0101000020E61000004D309C6B984C51402345099F52A24440"
576,"Zaminobod mahallasi","0101000020E610000093BDEF294A5151406AA33A1DC8A24440"
577,"Bes saǵa","0101000020E610000055850662D9C74D40AE43DA6BE63F4540"
578,"Bilimdon mahallasi","0101000020E6100000E2B1FA7E455451402E15658055A04440"
579,"Damariq mahallasi","0101000020E6100000DBC93BE2EB505140C68E215BF1A34440"
580,"Gulobiyon","0101000020E6100000A10A24CD441A5040A91B83A9C1DE4340"
581,"Ot-chopar-1 mahallasi","0101000020E610000046C2AD71EC525140A8B7F589F2AC4440"
582,"Labzak mahallasi","0101000020E610000013EE95792B515140C28A53AD85AA4440"
583,"Niyozova","0101000020E61000007694394C6A4D514007A4B38295AB4440"
584,"Sirg'ali 8A dahasi","0101000020E6100000B10EEC9D764C51409EF419AB289B4440"
585,"65 mavze","0101000020E61000001AC80E85AA505140E11EF065471C4440"
586,"Q'o'rgontepa mahallasi","0101000020E6100000198F5209CF6451403B66EABF18A74440"
587,"Charx Komolon-1 mahallasi","0101000020E6100000C8940F41D54E514019BB8E82F1A54440"
588,"Yo‘ldosh (Sputnik) 9 dahasi","0101000020E6100000C7D97404704E51407FFB952941994440"
589,"Gulbozor mahallasi","0101000020E61000004F3A36A7374F51403656629E95A94440"
590,NULL,"0101000020E6100000A5A54D30F7DD50408371CBA20BDF4340"
591,"Yangi Choshtepa","0101000020E610000097941689644C5140413E3267C79D4440"
592,"Yunusobod 1 mavzesi","0101000020E6100000A054FB743C52514024A01DCB16AD4440"
593,"Besh-Yog`och mahallasi","0101000020E6100000713150630C5051403ACAC16C02A74440"
